<?xml version="1.0" encoding="UTF-8"?>
<!DOCTYPE suite SYSTEM "https://testng.org/testng-1.0.dtd">
<suite name="Suite" thread-count="5" parallel="tests">
 <listeners><listener class-name="utilities.ExtentReportManager"/>
</listeners> 
 <test thread-count="5" name="chrometest">
  <parameter name="os" value="Windows"></parameter>
  <parameter name="browser" value="chrome"></parameter>
    <classes>
      <class name="testCases.TC_001_CarWashingSrvcsDetails"></class> 
      <class name="testCases.TC_002_LauchFreeListing"></class> 
      <class name="testCases.TC_003_GymsSubList"></class>  
    </classes>
  </test> <!-- Test -->

<test thread-count="5" name="edgetest">
  <parameter name="os" value="Windows"> </parameter>
  <parameter name="browser" value="edge"></parameter>
    <classes>
      <class name="testCases.TC_001_CarWashingSrvcsDetails"></class> 
      <class name="testCases.TC_002_LauchFreeListing"></class> 
      <class name="testCases.TC_003_GymsSubList"></class>  
    </classes>
  </test> <!-- Test -->
</suite> <!-- Suite-->

