<?xml version="1.0" encoding="UTF-8"?>
<!DOCTYPE suite SYSTEM "https://testng.org/testng-1.0.dtd">
<suite name="Suite">
 
<listeners><listener class-name="utilities.ExtentReportManager"/>
</listeners>
  <test thread-count="5" name="Test">
  <parameter name="os" value="Windows"></parameter>
  <parameter name="browser" value="chrome"></parameter>
  
  <groups>
     <run>
     </run>
  </groups>
  
    <classes>
      <class name="testCases.TC_0001"></class> 
      <class name="testCases.TC_0002"></class> 
      <class name="testCases.TC_0003"></class>
    </classes>
  </test> <!-- Test -->
</suite> <!-- Suite-->

